date,Distance,Angle,Motion,Velocity,OT
1,9.258683542769527,5.329645548477143,0,-0.021315484424441422,176
2,9.24996308672956,5.521346663205349,0,-0.02028911518460852,176
3,9.230304926165807,5.720264678815842,0,-0.019658160563752247,176
4,9.223331337683142,5.97438684445824,0,-0.006973588482665605,176
5,9.133077140131048,6.475415787028794,0,-0.008887029657483225,178
6,9.101052755835251,6.498299224937155,0,-0.020398028407306867,178
7,9.090576281600846,6.505820551711457,0,-0.01047647423440523,178
8,9.080685606802554,6.576447545984087,0,-0.00989067479829231,178
9,9.060945913842307,6.718163467596961,0,-0.019739692960246913,177
10,9.063307390438414,6.8437300133365175,0,-0.008664408907199217,176
11,9.054692522239433,6.977754474654834,0,-0.00861486819898083,175
12,9.045463658448874,7.048729164545433,0,-0.009228863790559316,177
13,9.047867721876944,7.110658347399475,0,0.0024040634280702022,177
14,9.620513315252714,11.147584930659951,1,0.5824150253013869,177
15,9.66923098037085,11.271911629106317,0,0.02566110219792428,177
16,9.680113251598119,11.259074111669792,0,0.0217640020273695,177
17,9.70318184940203,11.231957817902181,0,0.01023056220466323,177
18,9.72774377836833,10.723274629949533,0,-0.013871613180823417,178
19,9.721367121321261,10.850389570376619,0,-0.00637665704706869,178
20,9.743452338168153,11.484806306920156,0,-0.006904820038755588,178
21,9.758312595556504,11.586926329448,0,0.003997411362552938,178
22,9.76438245423625,11.759374223275294,0,0.006069858679746076,178
23,9.781914309120316,11.977399522988263,0,0.005415524415360196,178
24,9.796170999448439,12.079308429104517,0,0.016327056369753734,178
25,9.823422339491573,12.224271896438044,0,0.027251340043134675,178
26,9.852178134075055,12.426137200997523,0,0.026633545604546782,178
27,9.86809639255503,12.584183688354138,0,0.015918258479974412,178
28,9.897837066388922,12.783076762533922,0,0.029740673833892117,178
29,9.92575415801707,12.983360081684282,0,0.02791709162814726,179
30,9.954566114658052,13.181473701794756,0,0.028811956640982572,171
31,9.977275026571256,13.209912975014708,0,0.022708911913204233,169
32,10.014271432400884,13.277775027847538,0,0.03868940748246885,169
33,10.030862571419076,13.431525604713915,0,0.016591139018192536,168
34,10.051907125556822,13.402880538399737,0,0.021044554137745308,171
35,10.108957192105175,13.442364095783242,0,0.015870503658678814,182
36,10.128761801319625,13.357441590956471,0,0.019804609214450153,183
37,10.162539481272068,13.60208237091014,0,0.03377767995244341,184
38,9.641304475208726,14.046290915847232,0,-0.013365643048784293,176
39,9.619223257928983,13.772360829852692,0,-0.02208121727974266,176
40,9.607442744345756,13.48274828454627,0,-0.011780513583227403,176
41,9.600492491840296,13.308642206657808,0,-0.004623649356638282,176
42,9.595075607529447,13.132272660119806,0,-0.005416884310848857,176
43,9.578987850663232,12.970514835931727,0,-0.01382070127850632,176
44,9.575279710548756,12.852845443320415,0,-0.002958059172957661,176
45,9.570500722436638,12.982217973832165,0,0.003796690892521326,176
46,9.544417998462064,12.895119895635224,0,-0.025300029856737183,176
47,9.521376984482322,12.865131858963439,0,-0.023041013979742786,176
48,9.514435432458502,12.936459638104417,0,-0.0069415520238198525,176
49,9.500005580928665,12.83270771756761,0,-0.014429851529836668,176
50,9.47924598183409,12.861292596436867,0,-0.02075959909457481,176
51,9.471535162199192,12.934002371078115,0,-0.0077108196348980584,177
52,9.468373851018281,13.124733119276549,0,-0.0031613111809107863,177
53,9.473812057327587,13.241292800169083,0,0.005438206309305471,177
54,9.469956681644327,13.433323104365293,0,-0.0038553756832602204,177
55,9.462404917594196,13.506510211019645,0,-0.008439547891281762,177
56,9.458697904390814,13.698874761402555,0,-0.003707013203381848,177
57,9.427916636420573,13.807049282604286,0,-0.02841806823784232,177
58,9.302592012151868,14.887244185202864,-1,-0.12532462426870516,177
59,8.914681086340087,17.15867468400926,-1,-0.3020820553372001,178
60,9.424481266820633,20.75644115618498,1,0.5098001804805463,172
61,9.916167180448921,24.042582296376448,1,0.6227782131932695,178
62,10.48033860119249,28.308662319537405,1,0.4677327829702449,174
63,10.547427063162557,28.544531707936883,1,0.11712330914497393,175
64,10.751549655990317,30.581526700102796,1,0.17940679524146752,178
65,10.915026929581625,32.22258990640282,1,0.18377257581544626,178
66,11.212142314479165,34.868970798903995,1,0.1059755406596139,174
67,11.263816654154859,35.05802057599014,1,0.05152995454560916,170
68,11.286470862910225,34.72991104592266,0,0.02598971455860699,167
69,11.310395566017894,34.39999821658215,0,0.023924703107669032,162
70,11.174971891865487,34.68950698096484,-1,-0.09108814583927405,165
71,11.147133156372874,34.78860772357234,-1,-0.05178709375599411,166
72,11.138182080832376,34.695376349587264,0,-0.00895107554049801,165
73,11.173707410139814,34.569357346359304,0,0.04069721414989935,166
74,11.19056065821759,34.509920012765065,0,0.024987569737717763,166
75,11.12052845206874,34.19586252977943,-1,-0.0700322061488503,171
76,11.127588353616334,33.92259628645625,0,0.007059901547593839,172
77,11.219915490570163,34.22143978411673,1,0.07146037074759093,172
78,11.205843203488413,34.51824550888975,0,-0.008451407209856043,174
79,11.175193886125152,34.439679226766266,0,-0.030649317363261375,174
80,11.251429323032303,34.60585407016002,1,0.07623543690715096,175
81,11.24272411846381,35.07119337822532,0,-0.008705204568492775,174
82,11.181304157441584,35.29245429754514,-1,-0.06141996102222613,171
83,11.132300164152783,34.716337464078734,0,-0.04900399328880134,172
84,11.137710678048984,34.509558544355286,0,-0.002599372722579929,174
85,11.126361893465699,34.1132325217546,0,-0.011348784583285365,174
86,10.989414372170348,33.403366455004615,-1,-0.13694752129535104,176
87,10.908986186318613,32.92826286365604,-1,-0.08042818585173528,180
88,10.951515028283259,33.158451099422194,0,0.04252884196464635,180
89,11.106815363155528,33.74617829359726,1,0.15530033487226902,179
90,11.243339299846285,34.26352253211011,1,0.13652393669075735,176
91,11.249178052308748,34.799636897136786,0,-0.017619005760595385,175
92,11.24183670189948,35.012117155796425,0,-0.0022147681892317195,171
93,11.266739296230696,35.29644087779873,0,0.03636564117477015,171
94,11.246847197113523,35.5558531712492,0,-0.0198920991171736,171
95,11.206287158341972,35.264684572173906,0,-0.040560038771550566,171
96,11.134086649827166,34.5223813346479,-1,-0.08375948368796315,171
97,11.042969486109556,33.406575445453505,-1,-0.06907930082727987,176
98,11.024188466836343,32.97395538305299,0,-0.026082680614027964,176
99,11.065702848728078,33.205124180303166,0,0.0415143818917354,177
100,11.099718783427523,33.770654922902644,0,0.012385220990475787,177
101,11.117309751802777,34.02038822844218,0,0.013361556465094182,176
102,11.11853472222077,34.202843966826904,0,-0.009977133257896398,175
103,11.142838685820468,34.36675261565388,0,0.024876845742547005,173
104,11.110888790497398,34.042742052620056,0,-0.03194989532306991,173
105,10.737955178464565,31.37138535700397,-1,-0.31797718420360255,176
106,10.543367996932188,29.488744339092992,-1,-0.26274371298424626,178
107,10.312943784822568,27.237327516177263,-1,-0.23042421210961983,177
108,10.088591646742076,24.664434069804614,-1,-0.22435213808049248,177
109,9.807357334034391,21.849482892282168,-1,-0.28123431270768506,177
110,9.624120268962065,18.66469386251299,-1,-0.1832370650723263,176
111,9.51536419663127,16.42145651442299,-1,-0.1087560723307952,180
112,9.524015546212684,15.65499383380844,0,0.008651349581414891,180
113,9.485833967874125,15.34348881668115,0,-0.024814060532680315,180
114,9.477160384393446,15.169875201886764,0,-0.008673583480678815,180
115,9.455291853518432,14.954775920966636,0,-0.021868530875014613,181
116,9.418533996066314,14.636942481087768,0,-0.036757857452117904,181
117,9.406989290798581,14.403627731662331,0,-0.01154470526773288,181
118,9.349987049215445,14.113918245502678,0,-0.03056065713400713,180
119,9.315631927866836,13.850102577456894,0,-0.036798655703222494,179
120,9.290671244515375,13.507204096766548,0,-0.024960683351460844,179
121,9.257579076006804,13.174724260539161,0,-0.03309216850857055,179
122,9.229990594886779,13.023598015910757,0,-0.02758848112002532,170
123,9.198047368047845,12.75009285270243,0,-0.03194322683893347,178
124,9.166330637265533,12.474666368814212,0,-0.0317167307823123,178
125,9.139942269985326,12.318700532166686,0,-0.026388367280206992,178
126,9.109828769405649,12.102642327321977,0,-0.03139939199228792,178
127,9.24779884515963,13.443580708735926,1,0.15829582706673762,180
128,9.279091032225734,13.524380949857589,0,0.019286686159075472,180
129,9.29346723713495,13.566476189736669,0,0.014376204909215318,180
130,9.322257904313558,13.650242311197243,0,0.02879066717860823,180
131,9.358074529819442,13.659992510231348,0,0.03581662550588405,180
132,9.382196642693142,13.624193773530385,0,0.02412211287369992,180
133,9.403066754527966,13.468028580815226,0,0.020870111834824456,180
134,9.421771725892844,13.50332134797128,0,0.01870497136487792,180
135,9.45073431365158,13.585868586882544,0,0.028962587758735836,180
136,9.455149088557846,13.579403571277746,0,0.01510304497107029,180
137,9.478681623090027,13.482878738644006,0,0.010497988288554083,180
138,9.505426943354369,13.506212369332237,0,0.026745320264341288,180
139,9.546859265686914,13.693449398487328,0,0.04061938327187775,180
140,9.574476160209443,13.77638248599143,0,0.0039043253166806124,180
141,9.50375494262032,15.00154301557385,-1,-0.06988313599221385,181
142,9.629468099644544,23.11295258103772,1,0.12571315702422403,179
143,10.246646487869931,28.37741621752064,1,0.4882622941215331,177
144,10.552462168092514,27.97490773473387,1,0.09606373063040508,177
145,10.609779983471771,28.177577484022574,1,0.05731781537925684,177
146,10.624515845886977,28.502572360465447,0,0.014735862415205858,178
147,10.618228295007782,28.82851074515741,0,-0.012531121588573058,178
148,10.555182209150903,28.645267694444005,-1,-0.05689782887725592,178
149,10.522360010257911,28.742938674851633,0,0.0008516959686399872,179
150,10.4974088273321,28.5687714920685,0,-0.02495118292581111,178
151,10.588092175200611,29.042025330807263,1,0.0872027846359682,178
152,10.96119845036918,32.31767486144181,1,0.3143352545473963,176
153,11.161624731023654,34.238714351110744,1,0.26924769674712223,174
154,11.366839130490437,35.55724808086986,1,0.205214399466783,177
155,11.85382119254879,38.752572611158506,1,0.13284149693209812,181
156,11.84407484479121,38.79042641233092,0,-0.009746347757578988,180
157,11.814392832171828,38.719500230267165,0,-0.029682012619382192,180
158,11.805844369172252,38.690563962982374,0,-0.021068921829471066,180
159,11.754744407977947,38.453300597112445,-1,-0.053445977744789985,182
160,11.659117905501708,38.38723910958125,-1,-0.0956265024762395,181
161,11.592092330048006,38.58691036102767,-1,-0.06702557545370169,181
162,11.455667680266885,38.875993299677546,-1,-0.13642464978112123,181
163,11.31986026289531,38.78007989471313,-1,-0.1358074173715753,181
164,11.334905190110732,38.719004405162906,0,0.015044927215422277,180
165,11.373286677570771,38.24273247066689,0,0.038381487460039665,177
166,11.602494391105965,37.35603477954945,1,0.2292077135351942,173
167,11.874566658768963,36.30059897348987,1,0.2720722676629972,169
168,12.23939090866804,34.941580406247546,1,0.3648242498990779,167
169,12.611390879023189,33.823723098652756,1,0.371999970355148,167
170,12.763169754611397,33.745480059707326,1,0.15177887558820835,165
171,12.668925355834704,33.976147032750966,-1,-0.09746958980996645,170
172,12.605368295760128,34.171053920755135,-1,-0.06355706007457584,170
173,12.643477449778336,34.16336100900475,0,0.03810915401820836,171
174,12.730401604529701,34.11543989742618,1,0.08692415475136528,173
175,12.544709287993989,34.69196660935515,-1,-0.18569231653571272,175
176,12.217406592616177,35.58827514040053,-1,-0.32730269537781176,177
177,11.937795322823838,36.31588936831678,-1,-0.27961126979233875,180
178,11.749427878771698,36.75017197686545,-1,-0.18836744405214034,180
179,11.681029125710461,36.87837476906715,-1,-0.06839875306123666,180
180,11.634808418664264,36.680015935597304,0,-0.04622070704619752,180
181,11.732931130676443,36.142316296922935,1,0.09812271201217904,179
182,12.036487036789124,35.09393029694732,1,0.30355590611268113,174
183,12.496716107865936,33.84487710895032,1,0.460229071076812,168
184,12.859838233335944,33.032040563552854,1,0.36312212547000833,164
185,12.961673176286407,32.63479041160123,1,0.1018349429504628,164
186,12.950723618601952,32.45584912209556,0,-0.010949557684455158,164
187,12.926327690965985,32.157406186898655,0,-0.019751271007690363,163
188,12.807277246194419,32.38684833694801,-1,-0.11905044477156679,167
189,12.675151394479029,32.49810333027224,-1,-0.13212585171539004,163
190,12.628064648639,32.5804397122304,0,-0.047086745840028144,162
191,12.739041149841839,32.102610257031614,1,0.1109765012028383,162
192,12.877315892592316,31.769765179203834,1,0.13827474275047713,164
193,12.9007319453987,31.496802205377648,1,0.0512211337202384,164
194,12.880076961838201,31.396642947992685,0,-0.02552764227129778,165
195,12.889078928636037,31.216158681986013,0,0.009001966797836047,167
196,12.896280871697163,30.2664043193282,0,0.005812230822659359,173
197,12.809563315819581,30.23382204230052,-1,-0.08671755587758234,173
198,12.413700569714376,31.14264634569973,-1,-0.39586274610520533,173
199,11.822914618953234,32.31374839901359,-1,-0.5907859507611413,173
200,11.380916114021016,33.4303067293795,-1,-0.4419985049322186,173
201,11.108292569059683,34.2387575243925,-1,-0.27262354496133234,173
202,10.953326441484549,35.560233433481585,0,-0.043961580348680585,171
203,10.926036521733613,35.53361969091009,0,-0.02177349168003495,170
204,11.171446209510584,35.45407598437307,1,0.2454096877769718,170
205,11.548539775889656,35.03652787938244,1,0.377093566379072,171
206,11.859362885853823,34.399129253426025,1,0.31082310996416673,170
207,12.094804331284697,33.46836406833864,1,0.2354414454308742,170
208,12.203630109833263,33.01918501416029,1,0.1562037401412848,170
209,12.367338698281436,32.41782652583021,1,0.14504499737317644,170
210,11.590541835873715,34.410343108056445,-1,-0.31662483290280363,169
211,11.465394955513045,33.27152406611519,-1,-0.12514688036067056,170
212,11.534551211616611,32.33812087786442,1,0.06961861638365363,172
213,11.682327279853874,31.47699876611031,1,0.11885369159376502,172
214,11.843752211475508,31.056548302904307,1,0.1614249316216334,172
215,11.979758776375247,30.721244573441762,1,0.17609105335026953,174
216,11.900981872214782,30.610668874916115,-1,-0.08820885261159361,175
217,11.758278333258469,30.512570724063806,-1,-0.14270353895631338,177
218,11.686347095592557,30.6066379574794,-1,-0.07193123766591114,178
219,11.661398664429425,30.622065348174928,0,-0.024948431163132057,177
220,11.635314958161489,30.984890987600277,0,-0.026083706267936435,177
221,11.565615344830098,31.19246461005599,-1,-0.06969961333139096,177
222,11.631146031116703,31.16978264282125,1,0.06553068628660519,174
223,11.731459817061328,30.87388632985797,1,0.10031378594462481,169
224,11.93579979775366,30.122575411483265,1,0.20433998069233184,170
225,12.129442289782284,29.37620711924107,1,0.1936424920286246,170
226,12.219550944692433,28.81705108695754,1,0.09010865491014819,170
227,12.377449594129121,28.78477805384906,1,0.0726350610203621,171
228,12.520975086896133,28.998487045805476,1,0.11022570094353945,174
229,12.627491487431437,28.886296565107184,1,0.10651640053530365,176
230,12.42986244034515,25.85191318817147,0,0.004357207723694856,174
231,12.513861530380675,26.327932238096796,1,0.0839990900355243,174
232,13.116077102142178,30.617122622338396,1,0.32864939312058894,174
233,13.110346671821645,30.83531897395919,0,-0.005730430320532776,174
234,12.83836482508749,29.38769897206994,-1,-0.27198184673415504,174
235,12.586346323441054,27.183659716339285,-1,-0.252018501646436,174
236,12.366718812727573,24.91618527403371,-1,-0.2196275107134813,168
237,12.266942092598615,24.463982445924575,0,-0.0070557399050610314,167
238,12.475521804189468,25.750350395940025,1,0.18685031711495625,168
239,12.740383557190235,28.299664819557126,1,0.09019983552973443,173
240,12.706315719591487,28.484967892670227,0,-0.034067837598747985,173
241,12.086901447048826,30.971167309417943,0,0.027203836505060863,177
242,12.024344854170923,32.04534352100227,-1,-0.05782344607408163,178
243,11.925020071859699,32.629362429719166,-1,-0.09932478231122488,180
244,11.766892788998446,32.71765036614075,-1,-0.158127282861253,188
245,11.762684620762284,32.49950423632309,0,-0.004208168236161214,189
246,11.874921904625255,31.98435599828388,1,0.12521137496706913,190
247,12.083817033151215,31.09061871998373,1,0.18143339363451183,190
248,12.125946522711587,30.42115726696142,1,0.06314376919093867,189
249,12.094016400924843,29.79775490125105,0,-0.03193012178674337,189
250,11.85327576316141,30.522486540782058,-1,-0.3695941342318072,188
251,11.442370938489132,31.625629648297224,-1,-0.05004945579354647,186
252,11.630001142746938,30.943154841828964,1,0.18763020425780574,186
253,11.808977864735066,30.705699195251206,1,0.17897672198812842,186
254,11.544395559271301,31.780228186788207,-1,-0.26458230546376527,186
255,11.155851610020246,33.45488378196909,-1,-0.46776132787011626,179
256,11.088991275538936,34.49452171750338,-1,-0.06686033448131035,173
257,11.134236814294034,34.02367582055075,0,0.014216859237542678,168
258,10.82252742090458,35.210013298120124,-1,-0.3117093933894548,165
259,10.483151029153385,37.21301195862112,-1,-0.3393763917511947,173
260,10.211098483540303,39.24553365205007,-1,-0.35421766844523717,181
261,9.804776940092385,41.21317936309836,-1,-0.3346097798791323,182
262,9.640972709729155,42.07145422657722,-1,-0.16380423036322966,181
263,9.889509137521726,40.32709876559082,1,0.22112977789954869,179
264,10.133301476316747,39.60580143727418,1,0.2898539249445413,173
265,10.311699253665363,39.43488178651919,1,0.14689299802536482,170
266,10.350080424823012,39.54692976616001,1,0.05741111613330929,170
267,10.358024925017236,39.9421844100688,-1,-0.09709386772125939,175
268,10.52219161840345,39.83291588487591,1,0.16416669338621404,176
269,10.847551453434564,38.819541438187954,1,0.3253598350311133,175
270,14.355949016950948,28.636027045667102,1,0.7886215188955212,174
271,14.905696277377306,26.797228052751777,1,0.5497472604263578,175
272,15.101288071018718,26.04235184446941,1,0.19559179364141244,175
273,15.163160006868141,26.01222681824596,1,0.061871935849422854,175
274,15.118170453822538,26.348939881357847,0,-0.04498955304560326,175
275,14.948069934636582,26.972980058141008,-1,-0.17010051918595614,175
276,14.849277961441524,27.42766814363898,-1,-0.1392904523160876,175
277,14.763343636539357,27.688503824685398,-1,-0.061291043672792256,173
278,14.814093659600418,27.454717751328875,1,0.050750023061061356,171
279,14.901005810816184,27.454411725617067,1,0.0983480732308859,171
280,14.871294728340816,27.16691862274528,0,-0.03185523725491102,169
281,14.756063794864277,26.308720087049355,-1,-0.11523093347653912,169
282,14.614999315220288,25.361439284076322,-1,-0.17801971754990653,169
283,14.448415400902249,23.148942680717525,-1,-0.11461909787966817,164
284,14.234140022982489,20.866143072893585,-1,-0.27442337979795184,165
285,13.987103542356158,18.68076906861368,-1,-0.30346839965776873,166
286,13.858104127775853,16.73336095685359,-1,-0.12899941458030462,166
287,13.732547153892105,14.033525859956184,-1,-0.11555094148471845,164
288,13.650694665852058,12.136751896705468,-1,-0.08185248804004708,170
289,13.519271347007844,8.893257923928706,0,-0.032409361017670335,171
290,13.503635246122498,8.774819592199076,0,-0.01563610088534695,169
291,13.50236258662507,8.689790013141634,0,-0.0012726594974274974,167
292,13.514146067115641,8.55351139696082,0,0.011783480490571208,167
293,13.526363322657641,8.374429458687993,0,0.012217255541999705,167
294,13.54307377137212,8.321263584840574,0,0.016710448714478687,167
295,13.568033597084039,8.263173685592964,0,0.016786418477051868,167
296,13.573841649605157,8.131675328699133,0,0.01542834620984479,167
297,13.574030481699136,7.961043273007671,0,0.007891546530373716,167
298,13.574611640106939,7.918083698210277,0,-0.007076784332644692,167
299,13.593064544240697,7.907265899766633,0,0.018452904133757997,167
300,13.590310146212866,7.696112384265623,0,-0.002754398027830618,167
301,13.598160692476807,7.4791076445827125,0,-0.0093869040604595,167
302,13.589381721392419,7.398926355025225,0,-0.010084232034623497,167
303,13.581785433797515,7.147918595116273,0,-0.006312136124273948,167
304,13.581850912832952,6.935353061505026,0,6.547903543641098e-05,167
305,7.990495780047621,-1.2190754788798581,-1,-5.5888155268528275,182
306,8.03148919364654,-1.4269259756569799,0,0.04099341359891806,182
307,8.057427934247553,-1.422331422629298,0,0.02593874060101342,182
308,8.077950930068864,-1.489668541866473,0,0.02052299582131134,182
309,8.09913076986201,-1.6980835023324963,0,0.021179839793145305,182
310,8.109940276324014,-2.0492529618400974,0,0.010809506462004848,182
311,8.137762392380754,-2.605968114773574,0,0.011318728465978367,182
312,8.146207239472481,-2.8849252119960753,0,0.008444847091727326,182
313,8.180622270227843,-2.8727784282622126,0,0.011727995188053342,182
314,8.197292285559804,-2.726972732859697,0,0.016670015331960997,183
315,8.215266115322656,-2.511554396335112,0,0.006592304491638501,183
316,8.23043207524312,-2.3675682871685355,0,0.006307292066722425,183
317,8.256279501929487,-2.2212478353055114,0,0.02584742668636686,183
318,8.273678930090316,-2.147273331467027,0,0.025891285189707958,183
319,8.284522685674133,-1.7984559593852303,0,0.010843755583817227,183
320,8.306956876908021,-1.6555883259396815,0,0.0224341912338879,183
321,8.323718534835203,-1.3768195984846503,0,0.016761657927181872,183
322,8.342024020956385,-1.030305127640293,0,0.018305486121182213,183
323,8.361072432232246,-0.8908846966287439,0,0.0190484112758611,183
324,8.369559393479417,-0.6845897152729226,0,0.0084869612471703,183
325,8.3762465008957,-0.5472298420206133,0,0.01033096980798831,183
326,8.386671411515426,-0.4099094775873497,0,0.010424910619725836,183
327,8.3971184599561,-0.13646546480899063,0,0.010447048440674678,183
328,8.402454397093603,-0.1363788029262988,0,0.014164343109371202,183
329,8.404301058513624,0.06817437004450734,0,0.0018466614200214337,183
330,8.386626911240503,0.06831804215960291,0,-0.01767414727312122,183
331,8.379914963916356,0.34186575716247425,0,9.54669063357727e-05,183
332,8.362621601386772,0.6166391295602778,0,-0.01729336252958369,183
333,8.35392592762506,0.6858709117784467,0,-0.008504344011329934,183
334,8.346683208487766,1.3043670426162957,0,0.00043132019373715025,182
335,8.31844351243095,1.3776928572634977,0,-0.028239696056816754,182
336,8.304457843527604,1.4490285391273614,0,-0.013985668903345072,182
337,8.286841303859847,1.4521096081262626,0,-0.017369680630322293,182
338,8.251904154725496,1.5277159040312902,0,-0.03493714913435042,182
339,8.234596942445172,1.6005329012510534,0,-0.025841641516985092,182
340,8.132862072911328,1.4091363033752766,0,-0.029310014135106144,182
341,8.109136489530933,1.2012371637573602,0,-0.02372558338039532,182
342,8.095324105721602,1.3448748523455405,0,-0.013812383809330697,182
343,8.086538585236118,1.3463362439401376,0,-0.008556990276085585,182
344,8.08873883591358,1.345969954163218,0,0.011211737432930136,182
345,8.091772277342072,1.5579559716265323,0,0.0030334414284922673,182
346,8.088044599196412,1.4169461974612938,0,-0.003727678145660107,182
347,8.114266952856104,1.6242742127735108,0,0.026222353659692388,182
348,8.126348300386969,1.8334736409593433,0,0.012358641642469692,182
349,8.144209852895791,2.0406263664767237,0,0.018175352648935217,182
350,8.100471556539825,3.18455295089494,0,-0.04373829635596671,182
351,7.953234722693077,7.949978495498272,-1,-0.14723683384674757,180
352,8.06230755958874,12.609190742706195,1,0.10907283689566327,180
353,8.398492952507366,17.032235709811555,1,0.33618539291862604,177
354,8.68604141664435,20.205099640963056,1,0.2875484641369841,177
355,9.041380483376129,25.272631129130346,1,0.08310590374160043,180
356,9.021320617721928,25.68465210332056,0,-0.020059865654200593,182
357,9.00734296831569,25.586285181942916,0,-0.013977649406237802,184
358,8.933979073246283,24.747900266196357,-1,-0.07336389506940755,184
359,8.865875528434215,23.533409669168652,-1,-0.06810354481206815,182
360,8.796460494782012,22.526372286658404,-1,-0.06941503365220214,176
361,8.738828808864861,21.76243841136883,-1,-0.05763168591715129,167
362,8.690771385304894,20.897682511542342,0,-0.04805742355996756,167
363,8.579658040905786,20.039689618465268,-1,-0.11111334439910792,168
364,8.526814656550968,19.31256679896593,-1,-0.07876577955911657,171
365,8.53721649242833,18.720247457678582,0,0.011823484797179873,174
366,8.8907973070387,23.885679547282905,1,0.17911574723469137,179
367,8.754389230090785,22.14511915942981,0,-0.023095446868495628,181
368,8.789046232486088,21.842350028617943,0,0.03465700239530278,180
369,8.744233943866286,21.536819232376786,0,-0.041481202524625616,179
370,8.698092082597286,21.727713439800652,0,-0.04614186126899966,179
371,8.71312264865545,21.90079167561802,0,0.01503056605816333,179
372,8.804562763463661,21.24226068919776,1,0.09144011480821135,179
373,8.892450171863702,20.5398907071732,1,0.08788740840004117,177
374,8.933226993105084,20.510394512886048,0,0.04077682124138171,176
375,8.952009466667763,20.397130187464207,0,0.018782473562678703,176
376,8.936390211295667,20.22924625703208,0,-0.00795033077387508,176
377,8.913522017438035,20.420543958697962,0,-0.026330890106979865,176
378,8.888435872000413,20.411965225747014,0,-0.025086145437622775,176
379,8.857731555215247,20.003286144404864,0,-0.030704316785165275,176
380,8.844341703512265,19.552913163624343,0,-0.013389851702982014,176
381,8.865868975095868,19.16107664255687,0,0.023536382618624785,176
382,8.866758686513469,18.885673909649086,0,-0.007308020700381945,175
383,8.850349653535437,18.580182713355637,0,-0.0164090329780322,174
384,8.834545205602542,18.27281144101108,0,-0.01580444793289537,174
385,8.808429637771278,18.05503529525598,0,-0.029256088132013858,174
386,8.813652599197216,17.77069666949312,0,0.005458791822725573,173
387,8.800906493295596,17.660597451438186,0,-0.01281979756126006,173
388,8.762569467371812,17.534588745554082,0,-0.038337025923784296,173
389,8.983570642975774,17.156513848827736,1,0.2156186876059074,173
390,9.363608533397988,15.421811974819004,1,0.07263358719881907,168
391,9.321291129126564,14.538955077592275,0,-0.04231740427142405,170
392,9.348659295735798,14.052777147612723,0,0.027368166609234024,171
393,9.430907742659445,14.303605653711257,1,0.08224844692364641,171
394,9.378303162193687,14.259453915305006,-1,-0.05260458046575778,171
395,9.310613257467592,13.921108831377882,-1,-0.0676899047260946,172
396,9.224145780068879,13.54258578280218,-1,-0.09731698941627265,172
397,9.228691504958517,13.280491777583403,0,0.0013398553501779986,172
398,9.275826855147532,13.275237748361269,1,0.05729378641899885,172
399,9.280734151596262,13.014503995772586,0,0.007198480306906063,172
400,9.298484096222879,12.610093215346696,0,0.017749944626617165,172
401,9.33614472901851,11.993138515838911,0,0.0376606327956317,172
402,9.329934441712274,11.374127939829316,0,-0.00621028730623685,173
403,9.858498302565508,9.75276100525489,1,0.21377759577170785,175
404,9.90742430502317,9.528165678942454,0,-0.023652677911568887,176
405,9.931787378516134,8.16176533270678,0,0.02175664617911721,176
406,9.949214495195596,7.6822337307719275,0,0.017427116679462173,177
407,9.956704650305158,7.5022592989336925,0,0.007490155109561414,177
408,9.970247578239446,7.202297434812022,0,0.0036854324604913558,177
409,9.998408863227482,6.893204703845493,0,0.020841935658317823,178
410,10.249484246998755,6.836146343433295,1,0.2510753837712727,175
411,10.541302862498759,6.919717014364892,1,0.291818615500004,175
412,10.60813231955548,6.658352237550247,1,0.06682945705672161,174
413,10.607326888217097,6.876437413206153,0,-0.0008054313383834,174
414,10.6197638256928,7.412084544786197,0,0.012436937475703402,174
415,10.638938006819634,7.724614998681041,0,0.024260257896052906,174
416,10.670182987058348,8.461163334234328,0,0.02989624689240067,174
417,10.684206918900841,9.04681519380486,0,0.014023931842492843,175
418,10.702279076992092,9.35680782588098,0,0.0180721580912504,175
419,10.71874189349945,9.23398001428395,0,0.026558885063398208,175
420,10.749069030801884,9.369734324833557,0,0.030327137302434082,175
421,10.732084749533891,9.384696526284442,0,-0.018616856823909345,175
422,11.655637252591662,8.28726531656307,0,0.014149829483091736,175
423,11.626427436880247,8.059294485601795,0,-0.024814917115767443,175
424,11.624403878969428,8.309689430887547,0,-0.011394962440125056,173
425,11.62968786814778,8.505094433684663,0,0.005283989178352044,173
426,11.652615153339207,8.687146201243067,0,0.02292728519142706,173
427,11.646949279177115,8.591887523965736,0,-0.005665874162092521,173
428,11.981314421964184,8.49540160590722,1,0.3198445418846383,173
429,12.710341312050689,8.004836122467543,1,0.6073447173769271,170
430,12.943776703565579,7.725518342723507,1,0.2334353915148899,166
431,12.92258886452417,7.87251959373199,0,-0.021187839041408196,166
432,12.943021685598323,8.172945084626619,0,0.00044053848705338794,165
433,12.940801916801062,7.950769955088629,0,-0.003189227724648802,164
434,12.932923364404509,7.776752368592497,0,-0.007878552396553218,164
435,12.929773890512312,7.510395601379153,0,-0.0031494738921971077,164
436,12.910456790801646,7.387424910880264,0,-0.01931709971066553,164
437,12.900849835419335,7.437743852179463,0,-0.00960695538231171,163
438,12.92717497598659,7.422512099031666,0,0.026325140567255545,163
439,13.104638950784947,7.233287724323795,1,0.17746397479835707,163
440,13.601703569984501,6.925180798612836,1,0.5858671539704723,163
441,14.160015915780871,6.2436635680151,1,0.4165552291516601,162
442,14.271728748422754,5.911998383727169,1,0.11171283264188325,162
443,14.323021791413673,6.0114095237987355,1,0.059725214031931984,163
444,14.30448459235608,6.1400714244552965,0,-0.023487835108749522,163
445,14.303883750365854,6.38210932195687,0,-0.0006008419902254758,163
446,14.39629499912135,6.861814959262583,0,0.048111942600222335,161
447,14.437338304207602,7.042109154914423,0,0.041043305086251536,159
448,14.433654051166002,7.24394858888523,0,-0.0036842530415999164,158
449,14.614225097556536,7.31205242072572,1,0.22968369535062116,164
450,14.955424402715662,7.144351862182574,1,0.43008101203442806,162
451,15.186303489343114,6.883147517817998,1,0.15515194856581438,163
452,15.159252141696923,6.667116619184097,0,-0.027051347646191104,163
453,15.143411790717646,6.826520571298079,0,-0.015840350979276607,166
454,15.17927388343873,6.886350576133814,0,0.03586209272108398,164
455,15.22222523019382,6.942655277022749,0,0.04295134675508905,163
456,15.227215361686051,6.864565033687274,0,0.004990131492231598,163
457,15.198387856007974,6.801710606521847,0,-0.028827505678076903,164
458,15.431652191241662,6.623659366797614,1,0.1313383619847439,164
459,16.03711362643224,6.480393123146492,1,0.6054614351905787,164
460,16.723160664960442,6.075635937340896,1,0.6860470385282014,165
461,16.89122146346376,6.0831823860599155,1,0.16806079850331912,163
462,16.944206447377503,6.030085066683069,1,0.052984983913741956,163
463,17.07228151179711,5.815984613873199,1,0.1023560335480802,164
464,17.56608773061535,5.520857614602981,1,0.43587738888778205,164
465,17.753826245427792,5.202997274166008,1,0.18773851481244108,166
466,17.78025501577591,4.936435969097646,1,0.053608867566723006,166
467,17.787504501990377,4.805107260511462,0,-0.0019940408348873007,166
468,17.789962962345477,4.836762794881686,0,0.0024584603551005557,166
469,17.823777423502307,4.924352290121441,0,0.02119414807853559,166
470,17.819905578399066,4.9254248788499115,0,0.004503704073290038,166
471,17.899676157852596,4.7106862794283195,1,0.0806263845605848,166
472,18.455658559989214,4.53732580384826,1,0.5559824021366175,166
473,19.474322895191158,4.535599145743217,1,1.0186643352019438,166
474,19.858356220562698,4.10051570202005,1,0.38403332537154,163
475,19.940887063840815,3.9683001568403955,1,0.08253084327811777,163
476,20.000799586252192,4.2723229198748784,0,0.012639732058758568,163
477,20.016390996638496,4.383813833749024,0,0.020439043347170838,162
478,20.03812842348147,4.493766221537481,0,0.021737426842975083,162
479,20.00360203859133,4.530270413716122,0,-0.026982870483028165,164
480,20.04645987548599,4.491894743580917,0,0.04906766962522369,163
481,20.51228933203834,4.389682427173439,1,0.4658294565523491,163
482,21.394796147173576,4.369413227101429,1,0.8825068151352369,161
483,22.07292247623401,4.234926819065996,1,0.6781263290604329,157
484,22.2072886188429,4.1057828134323415,1,0.13436614260889002,158
485,22.203361265678673,4.261754125382007,0,0.018235215772190116,158
486,22.253871298355858,4.406984053004737,1,0.05051003267718457,158
487,22.30349620161024,4.5259954416938974,0,0.04962490325438296,158
488,22.34814440187198,4.61981254615761,0,0.0446482002617401,158
489,22.356039563075345,4.669603856991756,0,0.007895161203364864,160
490,22.32998922947332,4.700808361901835,0,-0.026050333602025688,158
491,22.3942853272389,4.687281665754986,0,0.04972223836123746,158
492,23.454152403971566,4.524035302596689,1,0.9775268648321394,160
493,25.754264612756867,2.5815373900217504,1,0.14833553774930053,149
494,25.80560623708592,2.3986074802054866,1,0.05134162432905498,148
495,25.85827658973032,3.30331467388219,1,0.05267035264439812,147
496,25.90767281191657,4.73808777743405,0,0.049396222186249616,150
497,25.878018049028558,3.123387403638698,-1,-0.05448510195715883,143
498,25.80411743364048,2.93222401242426,-1,-0.08934924996572491,144
499,26.00391485197694,2.9096752194360924,1,0.19979741833645903,146
500,27.065889582750945,2.4563562887989927,1,0.9358417709987741,146
501,27.993090280407944,2.0472185164796834,1,1.1355262520961986,147
502,29.120928536397184,1.731674278064825,1,0.8913958668016484,150
503,29.491831352957487,1.5155355831838182,1,0.370902816560303,151
504,29.607790724055324,1.3934517647036875,0,0.04189111694331871,156
505,29.620042830273167,1.4315741842968621,0,0.012252106217843561,155
506,29.662701100707512,1.487481073726242,0,0.04265827043434456,155
507,29.666858808850115,1.64183470168091,0,0.004157708142603411,156
508,29.63417336255829,1.7210168822828527,0,-0.03268544629182557,153
509,29.638059029825865,1.8368380793427646,0,0.0038856672675748882,150
510,29.62936703371205,1.9341170017484537,0,-0.008691996113814326,148
511,29.616134500261655,2.012411986749443,0,-0.013232533450395323,147
512,29.594644400076223,2.091364366030195,0,-0.021490100185431515,148
513,29.517717275942623,2.1162409398274473,-1,-0.0769271241336007,151
514,29.26117654568933,2.232778417210864,-1,-0.2565407302532918,146
515,28.86833435367546,2.302904004155801,-1,-0.3928421920138696,153
516,28.318469365883118,2.3678945189135203,-1,-0.5498649877923434,150
517,27.78741616490746,2.5370060536295056,-1,-0.6578319172476483,144
518,26.987167139541334,2.8035776194791637,-1,-0.6798325994722774,148
519,26.14373024519279,2.959934084492185,-1,-0.843436894348546,149
520,25.084618367584326,3.130774884576771,-1,-1.059111877608462,148
521,23.793769195405787,3.3490491417515855,-1,-1.2908491721785396,151
522,22.940076963295716,3.523876717976719,-1,-0.8536922321100704,153
523,22.472132932291817,3.597351053781543,-1,-0.46794403100389914,151
524,22.141494496606356,3.7289351111714573,-1,-0.3306384356854615,156
525,21.801439787378914,3.6555011937855078,-1,-0.41665625680339957,159
526,21.31334747349792,3.7662730962433306,-1,-0.48809231388099406,159
527,20.377092847950802,3.742319714728447,-1,-0.788885850719371,159
528,19.464010890993528,3.741128764765211,-1,-0.9130819569572743,160
529,18.23866044641342,3.898401098642016,-1,-1.2253504445801084,163
530,16.937129251419698,4.300256508336929,-1,-1.3015311949937214,169
531,15.879442485479183,5.0217878610002,-1,-1.3210735158950353,170
532,14.292465228490196,6.42756941469316,-1,-1.312838828085578,169
533,13.245067017528571,7.461483121039749,-1,-1.3095550991737728,166
534,11.729988408816592,8.975399923512132,-1,-1.253587251671732,170
535,10.719346459263477,9.93815919517688,-1,-1.25356279468968,176
536,9.284086487454386,11.30515465230781,-1,-1.1828993076913612,177
537,8.32006411973356,12.56496203473434,-1,-1.1971683746299604,172
538,7.051133606685209,15.800976220227183,-1,-1.0537676524690038,181
539,6.096765853738767,18.7525688953548,-1,-0.9543677529464416,187
540,5.434284745826059,21.36779385694848,-1,-0.838017902531786,195
541,4.938638235444363,24.525247730374158,-1,-0.4956465103816958,198
542,4.784652496248217,25.767689366906954,-1,-0.15398573919614567,198
543,5.00136843654441,24.197787956157715,1,0.21671594029619268,191
544,5.7305406606445475,20.533332656381617,1,0.6431933405460368,191
545,6.681116299965856,17.149196829093817,1,0.9505756393213085,187
546,7.586189915979621,13.725661554482617,1,0.09432073619806847,173
547,7.790340152987007,13.283633412300357,1,0.20415023700738555,182
548,7.61701615154937,13.591632094448329,-1,-0.1733240014376367,183
549,7.354252843094624,14.167434567432593,-1,-0.2627633084547458,183
550,7.333964163086139,14.449346159143861,0,-0.02028868000848494,185
551,7.544367622160342,14.19460174721989,1,0.22863556859663614,187
552,8.218310356205446,12.937632605624922,1,0.5834140626301565,186
553,8.881496215336457,11.232280975529452,1,0.6631858591310102,181
554,9.621730855292594,9.33072437139765,1,0.740234639956137,174
555,10.304467985028147,8.538808958848108,1,0.8404559990296931,159
556,10.779988713740718,7.08702494010066,1,0.3490329835670618,159
557,10.990457207207971,6.215929654894674,1,0.21046849346725338,166
558,11.206779702698055,5.735686835223763,1,0.21632249549008442,158
559,11.354578158320221,6.269607584140757,1,0.18382015936111884,163
560,11.586409922717822,10.090603374753805,1,0.20191353172712745,158
561,11.75578505197975,13.177755161726633,1,0.16937512926192788,160
562,11.79000380482391,14.439867594776368,0,0.03421875284415954,161
563,11.801703694362157,15.329438878885078,0,0.011699889538247632,164
564,11.791531964079327,15.796963867176935,0,-0.010171730282829472,171
565,11.938416333330464,16.096514452029677,1,0.09162917622788669,173
566,11.913058995694751,15.881536152466605,0,-0.023301388443583093,174
567,11.873190347939692,15.785781612286286,0,-0.04822092338435624,174
568,11.88724184829814,15.566399255620098,0,0.011327187169579034,173
569,11.828050464818997,15.545704479560111,-1,-0.059191383479143767,175
570,11.713888689773514,15.193639759398128,-1,-0.14492201912999292,173
571,11.913622498019365,14.733929863001123,1,0.19973380824585085,171
572,12.658254448153784,13.47667592164518,1,0.6411849502491798,171
573,13.144179228146937,12.388754800417727,1,0.623798516678491,168
574,13.584779673160893,11.076926839234707,1,0.33667856161146403,168
575,13.825148784825677,11.008601155244538,1,0.2853521205784997,168
576,14.253339513634863,11.124248076964978,1,0.15680596554378923,168
577,14.69221304007479,11.463564201357704,1,0.21803063162297853,166
578,14.79770222781437,11.775984341529043,1,0.086113505800828,165
579,14.726713343504105,12.151761944823043,-1,-0.07098888431026396,170
580,14.713294095393685,12.202853129753485,0,-0.013419248110420057,175
581,14.741330988480534,11.504169837082616,0,0.04643606498477837,176
582,14.721837585088492,11.32108592242116,0,-0.019493403392042197,176
583,14.786208068752341,10.836850420153523,1,0.08452984054737023,161
584,14.45732440906546,10.038280622195728,-1,-0.3126122578627637,164
585,14.102671079922294,9.4686452697563,-1,-0.35465332914316683,166
586,13.874360550323345,9.081840906373184,-1,-0.2891168792207335,169
587,13.801464877269156,8.667995498405112,-1,-0.0728956730541892,153
588,13.889009425051386,8.82161683406309,1,0.08754454778222964,167
589,13.800000065087755,9.509863354845866,-1,-0.08900935996363124,167
590,13.284982744174012,10.583368802042619,-1,-0.46032584787989705,147
591,12.498465427486193,11.257807404486126,-1,-0.786517316687819,158
592,11.572157248626842,12.324218031711988,-1,-0.926308178859351,164
593,10.751907922511661,13.062065136804842,-1,-1.0318196262727266,167
594,9.41483141178878,15.525236178840865,1,0.28616517547626863,176
595,9.739387563141838,24.313569762050278,0,-0.046244988223071104,169
596,9.395418238531235,24.057014593208464,-1,-0.3439693246106028,169
597,8.751292754090448,24.147206756337415,-1,-0.6441254844407869,173
598,7.920065434333783,25.022637084175436,-1,-0.278278407792544,188
599,7.772937909324751,24.715783238882047,-1,-0.14712752500903203,188
600,7.849159747096771,24.781133587105394,1,0.07622183777202007,186
601,7.982607461807062,24.497370452152897,1,0.16785550267607707,172
602,8.26665339138604,23.60342869333849,1,0.2840459295789781,180
603,8.417487058250812,24.04694617848088,-1,-0.10205657412201674,183
604,8.174193929040305,25.974027501067273,-1,-0.24329312921050672,187
605,7.7865134833336285,29.463967917193678,-1,-0.3876804457066765,187
606,7.7019615217414525,31.899897297896896,-1,-0.08455196159217593,187
607,7.76197858439656,33.022213260413864,1,0.06347953938656126,187
608,7.78519811831116,33.615350606611635,0,0.023219533914600632,187
609,7.78769627603921,33.51484472712151,0,0.0024981577280493994,187
610,7.611157596907075,31.88202430992051,-1,-0.0805903593603956,188
611,7.552417217528807,32.07005961016477,-1,-0.07753499687313425,188
612,7.42544791673825,31.501937752113456,-1,-0.08974367348492418,188
613,7.4382004996387385,30.632650988626356,0,0.017795670392820817,188
614,7.267607944823231,29.692745297779265,-1,-0.1705925548155074,188
615,6.839519606089755,28.27587815550221,-1,-0.3798857968975904,188
616,6.5719574104203256,27.553164643674677,-1,-0.26756219566942985,188
617,6.506009918902691,27.65756680539221,-1,-0.09857332913523198,188
618,6.50630591118949,28.3543935005113,0,0.0005963300348117428,188
619,6.585654764092012,28.773560974244976,1,0.08129842338865956,188
620,6.725047299871567,30.369373676717537,1,0.10884890603336927,185
621,6.761007908230856,31.077379014746157,0,0.03596060835928938,185
622,6.80155980775035,31.0682058105957,0,0.04055189951949423,183
623,6.952403181726557,30.513282999721927,1,0.1508433739762065,181
624,7.240050714397088,29.726005963185713,1,0.28764753267053145,184
625,7.550986432001792,27.35759678914583,1,0.3746815828622587,184
626,8.026334693933167,23.651928128331946,1,0.39850015837798924,176
627,8.478191571630525,21.01221868878006,1,0.4518568776973577,169
628,8.818535524404213,19.06161962849338,1,0.34034395277368823,168
629,8.927257618312924,17.67183175506261,1,0.10872209390871035,169
630,9.022632731449127,15.689918154278066,1,0.08794084999603236,172
631,9.110086243886219,14.623569757185239,1,0.08745351243709187,174
632,9.1717152308909,12.275359305583676,-1,-0.06001193115012349,183
633,8.864110470916723,11.84836980642601,-1,-0.36272094470695393,187
634,8.732662700931005,11.158647644433934,-1,-0.1314477699857175,187
635,8.832231955080715,8.98906130887249,-1,-0.11251069288574023,180
636,8.820017516858925,7.36083256211465,1,0.06961690781668572,174
637,9.002283662742258,7.082711672824265,1,0.16057114865545508,165
638,9.35160715825341,6.940286282943257,1,0.34932349551115216,161
639,9.396179678852835,6.907202937557133,1,0.3276774050184912,161
640,9.467969207039307,6.732691178516694,1,0.11636204878589673,167
641,9.39493747070532,6.846692865893295,-1,-0.07303173633398607,170
642,10.193939550414399,6.816965082754145,1,0.6216191167035454,170
643,11.089439763970748,6.524128012527598,1,0.8955002135563497,170
644,12.420557997410556,8.14626217875798,1,1.1335939069233767,169
645,13.618312764354496,10.23593027541127,1,1.1977547669439392,169
646,14.86651668316967,11.366677292219132,1,1.2482039188151735,169
647,15.983870105577058,12.098108761740177,1,1.1173534224073887,169
648,17.53420432305279,14.76945524618906,1,0.6283917367852787,166
649,17.731699766360798,15.102718521662071,1,0.3004894781741356,166
650,17.71129931689088,14.184275078750174,0,-0.036676851469849225,166
651,17.6300299768843,12.114686188626449,0,-0.04306282183095789,166
652,17.474860904858662,10.851867062744109,-1,-0.14781474714247267,164
653,16.9888955120996,10.033936705731078,-1,-0.4859653927590628,164
654,16.866683088870342,9.728064089123611,-1,-0.20642720943683202,166
655,16.798684845304315,9.733219602172422,-1,-0.06073568451628475,166
656,17.16762628975102,9.826780682383598,1,0.18275368066366227,166
657,16.885600631764678,10.06149532757586,-1,-0.2820256579863418,166
658,16.237978740574334,10.359586351009323,-1,-0.6476218911903437,167
659,15.654271843292602,10.4897097476438,-1,-0.5837068972817328,165
660,14.945169439591028,10.993467104315005,-1,-0.7091024037015732,172
661,14.137583795754738,11.588598194488085,-1,-0.9872162053390348,173
662,13.008525196223427,12.249465483952562,-1,-0.9271056049723985,176
663,11.885679722557281,12.8827937222645,-1,-1.1228454736661462,178
664,10.685258099345619,14.470232483101176,-1,-1.4564771039097106,180
665,8.545065606808235,18.490178593547096,-1,-1.8015576879121955,188
666,7.229040564664334,20.48592585536147,-1,-1.6747092618550408,189
667,6.383663178749221,18.258200990598894,-1,-0.5929196267545276,194
668,7.140053484960917,12.784627583112096,1,0.7603840621908828,186
669,8.44022277677799,8.242388215361936,1,1.0201834850574265,166
670,8.915799941647109,13.689406912909115,1,0.4755771648691187,163
671,9.340159977998642,20.035759064464497,1,0.4243600363515334,165
672,9.494507853621135,21.761302248789463,1,0.2065486036066222,160
673,9.847599036588273,26.02004798389994,1,0.30379848147524946,165
674,10.224288858176209,29.40552046852356,1,0.449374953568892,167
675,10.617627908938639,32.66107936951411,1,0.33138816743757005,171
676,10.578949066086055,33.70214222181819,0,-0.03867884285258327,173
677,10.453793635547004,33.96240949874421,-1,-0.12515543053905098,173
678,10.228804689523956,31.931064664730478,-1,-0.2249889460230481,173
679,9.955624435129819,28.36640296641028,-1,-0.27318025439413773,173
680,9.592012046024726,24.975224717543345,-1,-0.36361238910509286,173
681,9.237464900776374,21.796677627705144,-1,-0.3545471452483522,170
682,9.077983216101241,18.2972196471657,-1,-0.15948168467513213,168
683,8.993494872822048,10.50690529824801,-1,-0.0752777567643168,168
684,8.871353706049714,7.513393372140766,-1,-0.08488706571509574,172
685,8.857253079386163,4.792496860140759,0,-0.014100626663550386,172
686,8.834792579840796,1.8161722535076001,0,-0.02246049954536744,172
687,8.881726785119938,-1.225778370171112,0,0.046934205279141494,172
688,8.901452503598968,-4.768644876555809,0,0.019725718479030263,172
689,8.899132983183621,-5.998623051749677,0,-0.0023195204153463322,172
690,8.914511899899997,-6.117502259832922,0,0.011152940624521435,172
691,8.939019668595918,-6.22960465344444,0,0.024507768695920973,172
692,8.96408322301019,-6.340723013196316,0,0.025063554414272105,172
693,8.962522219953534,-6.27751410838567,0,-0.001561003056655963,172
694,8.964686823673592,-6.147411815422168,0,0.003252533161784754,171
